{
  "project_info": {
    "project_number": "621624641694",
    "project_id": "todo-538a4",
    "storage_bucket": "todo-538a4.appspot.com"
  },
  "client": [
    {
      "client_info": {
        "mobilesdk_app_id": "1:621624641694:android:e7b60a15597c2add9f138f",
        "android_client_info": {
          "package_name": "com.example.sdp1"
        }
      },
      "oauth_client": [],
      "api_key": [
        {
          "current_key": "AIzaSyDlHMW8Uz4FQHoGsuOZ4rH47nJ1G_4bTaE"
        }
      ],
      "services": {
        "appinvite_service": {
          "other_platform_oauth_client": []
        }
      }
    }
  ],
  "configuration_version": "1"
}